[
   {
      "id": 1,
      "name": "pepporoni pizza",
      "description": "Pizza is a dish of Italian origin consisting of a usually round, flat base of leavened wheat-based dough topped with tomatoes, cheese, and often various other ingredients, which is then baked at a high temperature, traditionally in a wood-fired oven. A small pizza is sometimes called a pizzetta.",
      "image": "https://i.ibb.co/KmPyYVS/menu-10.png",
      "price": 35
   },
   {
      "id": 2,
      "name": "spicy chicken pizza",
      "description": "Pizza is a dish of Italian origin consisting of a usually round, flat base of leavened wheat-based dough topped with tomatoes, cheese, and often various other ingredients, which is then baked at a high temperature, traditionally in a wood-fired oven. A small pizza is sometimes called a pizzetta.",
      "image": "https://i.ibb.co/h7nckBd/menu-8.png",
      "price": 59
   },
   {
      "id": 3,
      "name": "penne pasta",
      "description": "Pasta is a type of food typically made from an unleavened dough of wheat flour mixed with water or eggs, and formed into sheets or other shapes, then cooked by boiling or baking.",
      "image": "https://i.ibb.co/6mD1wwc/menu-3.png",
      "price": 35
   },
   {
      "id": 4,
      "name": "garlic burger patties",
      "description": "A hamburger is a food, typically considered a sandwich, consisting of one or more cooked patties—usually ground meat, typically beef—placed inside a sliced bread roll or bun. The patty may be pan fried, grilled, smoked or flame broiled.",
      "image": "https://i.ibb.co/t3jtqCR/menu-1.png",
      "price": 49
   },
   {
      "id": 5,
      "name": "cup cake",
      "description": "Cake is a form of sweet food made from flour, sugar, and other ingredients, that is usually baked. In their oldest forms, cakes were modifications of bread, but cakes now cover a wide range of preparations",
      "image": "https://i.ibb.co/VHGs4mj/menu-5.png",
      "price": 19
   },
   {
      "id": 6,
      "name": "nut salad",
      "description": "Nut salad is a dish of Italian origin consisting of a usually round, flat base of leavened wheat-based dough topped with tomatoes, cheese, and often various other ingredients, which is then baked at a high temperature, traditionally in a wood-fired oven. A small pizza is sometimes called a pizzetta.",
      "image": "https://i.ibb.co/WB8qR1x/menu-6.png",
      "price": 15
   },
   {
      "id": 7,
      "name": "paleo pizza",
      "description": "Pizza is a dish of Italian origin consisting of a usually round, flat base of leavened wheat-based dough topped with tomatoes, cheese, and often various other ingredients, which is then baked at a high temperature, traditionally in a wood-fired oven. A small pizza is sometimes called a pizzetta.",
      "image": "https://i.ibb.co/DCX7YQH/menu-7.png",
      "price": 45
   },
   {
      "id": 8,
      "name": "cheese pizza",
      "description": "Pizza is a dish of Italian origin consisting of a usually round, flat base of leavened wheat-based dough topped with tomatoes, cheese, and often various other ingredients, which is then baked at a high temperature, traditionally in a wood-fired oven. A small pizza is sometimes called a pizzetta.",
      "image": "https://i.ibb.co/7YkPDYb/menu-2.png",
      "price": 49
   },
   {
      "id": 9,
      "name": "triple chocolate cake",
      "description": "Cake is a form of sweet food made from flour, sugar, and other ingredients, that is usually baked. In their oldest forms, cakes were modifications of bread, but cakes now cover a wide range of preparations",
      "image": "https://i.ibb.co/R481BMd/menu-9.png",
      "price": 20
   },
   {
      "id": 10,
      "name": "beef taco",
      "description": "A taco is a traditional Mexican dish consisting of a small hand-sized corn or wheat tortilla topped with a filling. The tortilla is then folded around the filling and eaten by hand.",
      "image": "https://i.ibb.co/mq0yCsq/menu-4.png",
      "price": 39
   }
]
